Participant,Experiment,Trial,Reaction,Free Response,Filename
17846,3601,26,7936,V:219,AWF_MKY08.mp3
17846,3601,19,4290,V:290,AWF_gm_F18.mp3
17846,3601,18,1581,V:160,AWF_gm_F17.mp3
17846,3601,2,2298,V:269,AWF_CFY08.mp3
17846,3601,23,2235,V:222,AWF_JJE21.mp3
17846,3601,11,1844,V:204,AWF_gm_F08.mp3
17846,3601,29,1671,V:186,AWF_SHA04.mp3
17846,3601,5,1336,V:345,AWF_DKY26.mp3
17846,3601,3,3979,V:151,AWF_CMN17.mp3
17846,3601,21,3001,V:275,AWF_gm_F23.mp3
17846,3601,25,2879,V:214,AWF_KDE26.mp3
17846,3601,14,2215,V:136,AWF_gm_F11.mp3
17846,3601,7,1404,V:77,AWF_gm_F03.mp3
17846,3601,28,1608,V:260,AWF_SGN09.mp3
17846,3601,24,2825,V:224,AWF_JRA04.mp3
17846,3601,10,1792,V:217,AWF_gm_F06.mp3
17846,3601,30,2873,V:361,AWF_TRE11.mp3
17846,3601,15,2173,V:215,AWF_gm_F14.mp3
17846,3601,20,2595,V:255,AWF_gm_F22.mp3
17846,3601,8,2190,V:180,AWF_gm_F04.mp3
17846,3601,13,3289,V:207,AWF_gm_F10.mp3
17846,3601,27,5986,V:233,AWF_NGE07.mp3
17846,3601,4,3716,V:257,AWF_DGA30.mp3
17846,3601,22,1956,V:103,AWF_gm_F24.mp3
17846,3601,17,2805,V:245,AWF_gm_F16.mp3
17846,3601,6,2640,V:232,AWF_gm_F02.mp3
17846,3601,9,5252,V:180,AWF_gm_F05.mp3
17846,3601,12,2835,V:266,AWF_gm_F09.mp3
17846,3601,16,2432,V:231,AWF_gm_F15.mp3
17846,3601,1,1894,V:167,AWF_ARD22.mp3
17846,3601,53,2489,V:182,AWF_JJE21.mp3
17846,3601,39,2809,V:182,AWF_gm_F05.mp3
17846,3601,58,2189,V:242,AWF_SGN09.mp3
17846,3601,38,2105,V:197,AWF_gm_F04.mp3
17846,3601,34,1815,V:255,AWF_DGA30.mp3
17846,3601,43,1811,V:278,AWF_gm_F10.mp3
17846,3601,59,2141,V:224,AWF_SHA04.mp3
17846,3601,48,2320,V:213,AWF_gm_F17.mp3
17846,3601,35,1530,V:292,AWF_DKY26.mp3
17846,3601,44,1472,V:133,AWF_gm_F11.mp3
17846,3601,56,1953,V:206,AWF_MKY08.mp3
17846,3601,51,3150,V:246,AWF_gm_F23.mp3
17846,3601,55,2017,V:168,AWF_KDE26.mp3
17846,3601,49,1560,V:139,AWF_gm_F18.mp3
17846,3601,50,1507,V:173,AWF_gm_F22.mp3
17846,3601,57,2795,V:170,AWF_NGE07.mp3
17846,3601,45,1930,V:255,AWF_gm_F14.mp3
17846,3601,42,1808,V:192,AWF_gm_F09.mp3
17846,3601,37,1319,V:122,AWF_gm_F03.mp3
17846,3601,40,2672,V:178,AWF_gm_F06.mp3
17846,3601,36,3748,V:221,AWF_gm_F02.mp3
17846,3601,47,2405,V:177,AWF_gm_F16.mp3
17846,3601,32,1613,V:144,AWF_CFY08.mp3
17846,3601,33,1769,V:240,AWF_CMN17.mp3
17846,3601,52,1359,V:77,AWF_gm_F24.mp3
17846,3601,60,1597,V:404,AWF_TRE11.mp3
17846,3601,54,3265,V:233,AWF_JRA04.mp3
17846,3601,46,2239,V:243,AWF_gm_F15.mp3
17846,3601,31,1243,V:149,AWF_ARD22.mp3
17846,3601,41,1689,V:176,AWF_gm_F08.mp3
17846,3601,30,5318,V:180,ASF_TRE11.mp3
17846,3601,15,1874,V:180,ASF_gm_F14.mp3
17846,3601,23,1436,V:291,ASF_JJE21.mp3
17846,3601,11,1559,V:237,ASF_gm_F08.mp3
17846,3601,2,1255,V:325,ASF_CFY08.mp3
17846,3601,24,2029,V:350,ASF_JRA04.mp3
17846,3601,14,1280,V:103,ASF_gm_F11.mp3
17846,3601,3,2801,V:181,ASF_CMN17.mp3
17846,3601,9,2601,V:277,ASF_gm_F05.mp3
17846,3601,26,1884,V:268,ASF_MKY08.mp3
17846,3601,7,1546,V:92,ASF_gm_F03.mp3
17846,3601,12,1688,V:157,ASF_gm_F09.mp3
17846,3601,1,1361,V:189,ASF_ARD22.mp3
17846,3601,17,1493,V:295,ASF_gm_F16.mp3
17846,3601,27,2166,V:352,ASF_NGE07.mp3
17846,3601,6,1635,V:325,ASF_gm_F02.mp3
17846,3601,18,1352,V:182,ASF_gm_F17.mp3
17846,3601,19,1253,V:305,ASF_gm_F18.mp3
17846,3601,28,1375,V:270,ASF_SGN09.mp3
17846,3601,25,1643,V:362,ASF_KDE26.mp3
17846,3601,5,1431,V:262,ASF_DKY26.mp3
17846,3601,10,4060,V:260,ASF_gm_F06.mp3
17846,3601,16,1962,V:351,ASF_gm_F15.mp3
17846,3601,4,1868,V:292,ASF_DGA30.mp3
17846,3601,29,1314,V:188,ASF_SHA04.mp3
17846,3601,21,3113,V:256,ASF_gm_F23.mp3
17846,3601,20,4313,V:213,ASF_gm_F22.mp3
17846,3601,13,12170,V:232,ASF_gm_F10.mp3
17846,3601,8,1709,V:178,ASF_gm_F04.mp3
17846,3601,22,1544,V:137,ASF_gm_F24.mp3
17846,3601,45,1923,V:203,ASF_gm_F14.mp3
17846,3601,35,1317,V:294,ASF_DKY26.mp3
17846,3601,53,1616,V:318,ASF_JJE21.mp3
17846,3601,55,1785,V:379,ASF_KDE26.mp3
17846,3601,42,3012,V:159,ASF_gm_F09.mp3
17846,3601,40,5622,V:296,ASF_gm_F06.mp3
17846,3601,39,1101,V:305,ASF_gm_F05.mp3
17846,3601,31,2014,V:229,ASF_ARD22.mp3
17846,3601,32,3253,V:251,ASF_CFY08.mp3
17846,3601,47,1754,V:356,ASF_gm_F16.mp3
17846,3601,37,5214,V:49,ASF_gm_F03.mp3
17846,3601,46,2341,V:127,ASF_gm_F15.mp3
17846,3601,36,2111,V:263,ASF_gm_F02.mp3
17846,3601,38,1812,V:76,ASF_gm_F04.mp3
17846,3601,50,1176,V:146,ASF_gm_F22.mp3
17846,3601,44,1669,V:4,ASF_gm_F11.mp3
17846,3601,49,1138,V:292,ASF_gm_F18.mp3
17846,3601,48,1667,V:155,ASF_gm_F17.mp3
17846,3601,57,2960,V:304,ASF_NGE07.mp3
17846,3601,59,1520,V:262,ASF_SHA04.mp3
17846,3601,43,2027,V:269,ASF_gm_F10.mp3
17846,3601,54,1938,V:209,ASF_JRA04.mp3
17846,3601,58,4891,V:302,ASF_SGN09.mp3
17846,3601,52,1967,V:157,ASF_gm_F24.mp3
17846,3601,60,2116,V:187,ASF_TRE11.mp3
17846,3601,51,2370,V:326,ASF_gm_F23.mp3
17846,3601,34,1692,V:245,ASF_DGA30.mp3
17846,3601,33,1185,V:138,ASF_CMN17.mp3
17846,3601,41,1215,V:260,ASF_gm_F08.mp3
17846,3601,56,2825,V:270,ASF_MKY08.mp3
17846,3601,5,2238,V:182,RSF_DKY26.mp3
17846,3601,18,3188,V:132,RSF_gm_F17.mp3
17846,3601,16,2202,V:326,RSF_gm_F15.mp3
17846,3601,9,1394,V:184,RSF_gm_F05.mp3
17846,3601,1,1766,V:114,RSF_ARD22.mp3
17846,3601,12,1272,V:30,RSF_gm_F09.mp3
17846,3601,19,1544,V:180,RSF_gm_F18.mp3
17846,3601,24,2280,V:282,RSF_JRA04.mp3
17846,3601,22,3306,V:335,RSF_gm_F24.mp3
17846,3601,10,1489,V:318,RSF_gm_F06.mp3
17846,3601,27,2523,V:370,RSF_NGE07.mp3
17846,3601,21,1584,V:305,RSF_gm_F23.mp3
17846,3601,25,1738,V:298,RSF_KDE26.mp3
17846,3601,15,1458,V:190,RSF_gm_F14.mp3
17846,3601,20,1462,V:168,RSF_gm_F22.mp3
17846,3601,11,1847,V:138,RSF_gm_F08.mp3
17846,3601,30,2228,V:151,RSF_TRE11.mp3
17846,3601,17,5429,V:266,RSF_gm_F16.mp3
17846,3601,14,2030,V:71,RSF_gm_F11.mp3
17846,3601,2,2133,V:296,RSF_CFY08.mp3
17846,3601,26,2192,V:317,RSF_MKY08.mp3
17846,3601,23,2375,V:255,RSF_JJE21.mp3
17846,3601,28,2190,V:226,RSF_SGN09.mp3
17846,3601,7,1604,V:143,RSF_gm_F03.mp3
17846,3601,29,1773,V:154,RSF_SHA04.mp3
17846,3601,8,1551,V:188,RSF_gm_F04.mp3
17846,3601,13,1256,V:214,RSF_gm_F10.mp3
17846,3601,3,1234,V:234,RSF_CMN17.mp3
17846,3601,6,1937,V:231,RSF_gm_F02.mp3
17846,3601,4,4187,V:248,RSF_DGA30.mp3
17846,3601,38,1432,V:98,RSF_gm_F04.mp3
17846,3601,57,4526,V:182,RSF_NGE07.mp3
17846,3601,47,1805,V:231,RSF_gm_F16.mp3
17846,3601,46,1381,V:281,RSF_gm_F15.mp3
17846,3601,55,1888,V:355,RSF_KDE26.mp3
17846,3601,35,1614,V:228,RSF_DKY26.mp3
17846,3601,40,1901,V:272,RSF_gm_F06.mp3
17846,3601,42,5053,V:246,RSF_gm_F09.mp3
17846,3601,50,2891,V:175,RSF_gm_F22.mp3
17846,3601,41,3013,V:167,RSF_gm_F08.mp3
17846,3601,39,1760,V:265,RSF_gm_F05.mp3
17846,3601,45,1956,V:204,RSF_gm_F14.mp3
17846,3601,58,1731,V:267,RSF_SGN09.mp3
17846,3601,36,2333,V:301,RSF_gm_F02.mp3
17846,3601,37,1179,V:132,RSF_gm_F03.mp3
17846,3601,54,3202,V:287,RSF_JRA04.mp3
17846,3601,43,2196,V:168,RSF_gm_F10.mp3
17846,3601,56,1608,V:341,RSF_MKY08.mp3
17846,3601,53,1669,V:262,RSF_JJE21.mp3
17846,3601,31,2188,V:212,RSF_ARD22.mp3
17846,3601,34,2298,V:180,RSF_DGA30.mp3
17846,3601,59,1588,V:263,RSF_SHA04.mp3
17846,3601,51,3648,V:314,RSF_gm_F23.mp3
17846,3601,32,1446,V:361,RSF_CFY08.mp3
17846,3601,44,1473,V:94,RSF_gm_F11.mp3
17846,3601,49,1646,V:158,RSF_gm_F18.mp3
17846,3601,52,2176,V:285,RSF_gm_F24.mp3
17846,3601,33,1650,V:148,RSF_CMN17.mp3
17846,3601,60,2725,V:141,RSF_TRE11.mp3
17846,3601,48,1731,V:118,RSF_gm_F17.mp3
17846,3601,25,3957,V:271,RWF_KDE26.mp3
17846,3601,1,2238,V:178,RWF_ARD22.mp3
17846,3601,5,2048,V:388,RWF_DKY26.mp3
17846,3601,30,3018,V:205,RWF_TRE11.mp3
17846,3601,15,2276,V:407,RWF_gm_F14.mp3
17846,3601,19,1867,V:182,RWF_gm_F18.mp3
17846,3601,22,2527,V:295,RWF_gm_F24.mp3
17846,3601,27,1921,V:405,RWF_NGE07.mp3
17846,3601,8,2442,V:306,RWF_gm_F04.mp3
17846,3601,6,2440,V:341,RWF_gm_F02.mp3
17846,3601,14,1847,V:212,RWF_gm_F11.mp3
17846,3601,24,2374,V:289,RWF_JRA04.mp3
17846,3601,13,1597,V:334,RWF_gm_F10.mp3
17846,3601,16,2427,V:407,RWF_gm_F15.mp3
17846,3601,11,1656,V:154,RWF_gm_F08.mp3
17846,3601,17,1729,V:311,RWF_gm_F16.mp3
17846,3601,28,3043,V:272,RWF_SGN09.mp3
17846,3601,18,2647,V:303,RWF_gm_F17.mp3
17846,3601,20,2053,V:208,RWF_gm_F22.mp3
17846,3601,7,1884,V:290,RWF_gm_F03.mp3
17846,3601,21,1700,V:322,RWF_gm_F23.mp3
17846,3601,4,3479,V:285,RWF_DGA30.mp3
17846,3601,12,4592,V:311,RWF_gm_F09.mp3
17846,3601,2,1656,V:162,RWF_CFY08.mp3
17846,3601,3,1813,V:297,RWF_CMN17.mp3
17846,3601,29,2050,V:194,RWF_SHA04.mp3
17846,3601,10,2948,V:190,RWF_gm_F06.mp3
17846,3601,9,2448,V:306,RWF_gm_F05.mp3
17846,3601,26,2626,V:348,RWF_MKY08.mp3
17846,3601,23,1577,V:398,RWF_JJE21.mp3
17846,3601,51,1724,V:354,RWF_gm_F23.mp3
17846,3601,52,1608,V:196,RWF_gm_F24.mp3
17846,3601,43,2449,V:286,RWF_gm_F10.mp3
17846,3601,45,1727,V:309,RWF_gm_F14.mp3
17846,3601,58,2855,V:345,RWF_SGN09.mp3
17846,3601,46,2599,V:354,RWF_gm_F15.mp3
17846,3601,36,3040,V:393,RWF_gm_F02.mp3
17846,3601,32,1524,V:207,RWF_CFY08.mp3
17846,3601,60,1731,V:130,RWF_TRE11.mp3
17846,3601,40,1635,V:104,RWF_gm_F06.mp3
17846,3601,39,2034,V:92,RWF_gm_F05.mp3
17846,3601,31,2084,V:202,RWF_ARD22.mp3
17846,3601,42,1825,V:245,RWF_gm_F09.mp3
17846,3601,59,2387,V:287,RWF_SHA04.mp3
17846,3601,37,2016,V:287,RWF_gm_F03.mp3
17846,3601,33,1813,V:345,RWF_CMN17.mp3
17846,3601,49,1480,V:160,RWF_gm_F18.mp3
17846,3601,50,2270,V:292,RWF_gm_F22.mp3
17846,3601,54,1847,V:279,RWF_JRA04.mp3
17846,3601,48,1651,V:328,RWF_gm_F17.mp3
17846,3601,44,1600,V:144,RWF_gm_F11.mp3
17846,3601,55,4202,V:251,RWF_KDE26.mp3
17846,3601,56,1707,V:277,RWF_MKY08.mp3
17846,3601,34,2040,V:294,RWF_DGA30.mp3
17846,3601,57,2582,V:313,RWF_NGE07.mp3
17846,3601,47,1889,V:291,RWF_gm_F16.mp3
17846,3601,35,2175,V:351,RWF_DKY26.mp3
17846,3601,53,1741,V:305,RWF_JJE21.mp3
17846,3601,41,1829,V:235,RWF_gm_F08.mp3
17846,3601,38,1742,V:303,RWF_gm_F04.mp3
18644,3614,28,11497,V:361,RSM_SDH27.mp3
18644,3614,12,5872,V:307,RSM_gm_M12.mp3
18644,3614,7,4368,V:246,RSM_gm_M06.mp3
18644,3614,21,3863,V:258,RSM_gm_M21.mp3
18644,3614,29,4479,V:270,RSM_SSN18.mp3
18644,3614,30,4051,V:243,RSM_WMS16.mp3
18644,3614,6,5897,V:249,RSM_gm_M04.mp3
18644,3614,22,3779,V:246,RSM_gm_M22.mp3
18644,3614,2,6954,V:264,RSM_APW26.mp3
18644,3614,18,4063,V:275,RSM_gm_M18.mp3
18644,3614,3,4883,V:319,RSM_DLS16.mp3
18644,3614,20,3059,V:263,RSM_gm_M20.mp3
18644,3614,11,3515,V:246,RSM_gm_M11.mp3
18644,3614,25,5858,V:250,RSM_MON02.mp3
18644,3614,13,4158,V:233,RSM_gm_M13.mp3
18644,3614,4,5666,V:250,RSM_gm_M01.mp3
18644,3614,1,3438,V:245,RSM_AMS16.mp3
18644,3614,15,3173,V:250,RSM_gm_M15.mp3
18644,3614,26,3670,V:231,RSM_PMG30.mp3
18644,3614,16,4199,V:231,RSM_gm_M16.mp3
18644,3614,8,2828,V:263,RSM_gm_M07.mp3
18644,3614,9,3878,V:284,RSM_gm_M08.mp3
18644,3614,23,3002,V:243,RSM_gm_M23.mp3
18644,3614,24,9534,V:295,RSM_MLS27.mp3
18644,3614,5,3111,V:243,RSM_gm_M03.mp3
18644,3614,10,7345,V:287,RSM_gm_M10.mp3
18644,3614,19,3442,V:275,RSM_gm_M19.mp3
18644,3614,14,3899,V:248,RSM_gm_M14.mp3
18644,3614,27,7045,V:279,RSM_PPD02.mp3
18644,3614,17,5062,V:333,RSM_gm_M17.mp3
18644,3614,60,3525,V:255,RSM_WMS16.mp3
18644,3614,32,3854,V:332,RSM_APW26.mp3
18644,3614,47,5213,V:317,RSM_gm_M17.mp3
18644,3614,43,3461,V:266,RSM_gm_M13.mp3
18644,3614,53,4527,V:244,RSM_gm_M23.mp3
18644,3614,39,3160,V:230,RSM_gm_M08.mp3
18644,3614,54,6172,V:339,RSM_MLS27.mp3
18644,3614,58,6340,V:294,RSM_SDH27.mp3
18644,3614,33,5286,V:345,RSM_DLS16.mp3
18644,3614,45,3206,V:278,RSM_gm_M15.mp3
18644,3614,55,2859,V:248,RSM_MON02.mp3
18644,3614,31,3881,V:345,RSM_AMS16.mp3
18644,3614,34,3521,V:262,RSM_gm_M01.mp3
18644,3614,40,3542,V:308,RSM_gm_M10.mp3
18644,3614,51,3903,V:292,RSM_gm_M21.mp3
18644,3614,37,8270,V:301,RSM_gm_M06.mp3
18644,3614,38,2775,V:224,RSM_gm_M07.mp3
18644,3614,42,3332,V:343,RSM_gm_M12.mp3
18644,3614,56,3883,V:277,RSM_PMG30.mp3
18644,3614,50,4693,V:302,RSM_gm_M20.mp3
18644,3614,49,4768,V:349,RSM_gm_M19.mp3
18644,3614,35,4899,V:313,RSM_gm_M03.mp3
18644,3614,59,7209,V:322,RSM_SSN18.mp3
18644,3614,52,5026,V:333,RSM_gm_M22.mp3
18644,3614,36,5023,V:341,RSM_gm_M04.mp3
18644,3614,41,3732,V:328,RSM_gm_M11.mp3
18644,3614,44,3166,V:339,RSM_gm_M14.mp3
18644,3614,46,3127,V:259,RSM_gm_M16.mp3
18644,3614,57,4240,V:349,RSM_PPD02.mp3
18644,3614,48,5122,V:333,RSM_gm_M18.mp3
18644,3614,17,8890,V:104,RWM_gm_M17.mp3
18644,3614,10,6583,V:133,RWM_gm_M10.mp3
18644,3614,7,4681,V:200,RWM_gm_M06.mp3
18644,3614,4,4710,V:161,RWM_gm_M01.mp3
18644,3614,20,5401,V:253,RWM_gm_M20.mp3
18644,3614,2,3861,V:228,RWM_APW26.mp3
18644,3614,3,4489,V:161,RWM_DLS16.mp3
18644,3614,9,3140,V:125,RWM_gm_M08.mp3
18644,3614,15,3553,V:245,RWM_gm_M15.mp3
18644,3614,11,5865,V:237,RWM_gm_M11.mp3
18644,3614,28,3876,V:268,RWM_SDH27.mp3
18644,3614,21,9435,V:172,RWM_gm_M21.mp3
18644,3614,1,3751,V:296,RWM_AMS16.mp3
18644,3614,29,3536,V:203,RWM_SSN18.mp3
18644,3614,5,3380,V:115,RWM_gm_M03.mp3
18644,3614,6,4485,V:208,RWM_gm_M04.mp3
18644,3614,27,7894,V:292,RWM_PPD02.mp3
18644,3614,23,4757,V:144,RWM_gm_M23.mp3
18644,3614,14,7509,V:225,RWM_gm_M14.mp3
18644,3614,18,2991,V:163,RWM_gm_M18.mp3
18644,3614,22,3808,V:233,RWM_gm_M22.mp3
18644,3614,19,3916,V:311,RWM_gm_M19.mp3
18644,3614,16,2933,V:133,RWM_gm_M16.mp3
18644,3614,8,3180,V:124,RWM_gm_M07.mp3
18644,3614,24,3642,V:190,RWM_MLS27.mp3
18644,3614,12,3184,V:237,RWM_gm_M12.mp3
18644,3614,25,2973,V:274,RWM_MON02.mp3
18644,3614,13,8911,V:247,RWM_gm_M13.mp3
18644,3614,26,3377,V:153,RWM_PMG30.mp3
18644,3614,30,4009,V:163,RWM_WMS16.mp3
18644,3614,37,3251,V:127,RWM_gm_M06.mp3
18644,3614,55,4844,V:199,RWM_MON02.mp3
18644,3614,53,4778,V:146,RWM_gm_M23.mp3
18644,3614,44,7248,V:163,RWM_gm_M14.mp3
18644,3614,32,5220,V:175,RWM_APW26.mp3
18644,3614,42,6489,V:166,RWM_gm_M12.mp3
18644,3614,35,3002,V:92,RWM_gm_M03.mp3
18644,3614,59,3697,V:209,RWM_SSN18.mp3
18644,3614,38,3215,V:123,RWM_gm_M07.mp3
18644,3614,49,3261,V:308,RWM_gm_M19.mp3
18644,3614,41,6847,V:157,RWM_gm_M11.mp3
18644,3614,48,3885,V:164,RWM_gm_M18.mp3
18644,3614,34,3976,V:210,RWM_gm_M01.mp3
18644,3614,43,3291,V:307,RWM_gm_M13.mp3
18644,3614,60,3312,V:307,RWM_WMS16.mp3
18644,3614,50,6313,V:212,RWM_gm_M20.mp3
18644,3614,39,4169,V:157,RWM_gm_M08.mp3
18644,3614,40,3557,V:155,RWM_gm_M10.mp3
18644,3614,33,6838,V:190,RWM_DLS16.mp3
18644,3614,57,3640,V:321,RWM_PPD02.mp3
18644,3614,45,3562,V:233,RWM_gm_M15.mp3
18644,3614,36,4238,V:299,RWM_gm_M04.mp3
18644,3614,52,4855,V:227,RWM_gm_M22.mp3
18644,3614,56,4069,V:307,RWM_PMG30.mp3
18644,3614,54,3016,V:143,RWM_MLS27.mp3
18644,3614,58,2988,V:317,RWM_SDH27.mp3
18644,3614,46,4939,V:132,RWM_gm_M16.mp3
18644,3614,31,4187,V:338,RWM_AMS16.mp3
18644,3614,47,3830,V:271,RWM_gm_M17.mp3
18644,3614,51,3584,V:323,RWM_gm_M21.mp3
18644,3614,13,8267,V:207,AWM_gm_M13.mp3
18644,3614,12,6280,V:235,AWM_gm_M12.mp3
18644,3614,24,3825,V:205,AWM_MLS27.mp3
18644,3614,25,6438,V:263,AWM_MON02.mp3
18644,3614,23,3243,V:144,AWM_gm_M23.mp3
18644,3614,27,4802,V:300,AWM_PPD02.mp3
18644,3614,2,3584,V:337,AWM_APW26.mp3
18644,3614,16,3766,V:167,AWM_gm_M16.mp3
18644,3614,11,5585,V:201,AWM_gm_M11.mp3
18644,3614,4,4915,V:283,AWM_gm_M01.mp3
18644,3614,3,3181,V:331,AWM_DLS16.mp3
18644,3614,26,2617,V:233,AWM_PMG30.mp3
18644,3614,15,4256,V:282,AWM_gm_M15.mp3
18644,3614,14,5991,V:265,AWM_gm_M14.mp3
18644,3614,28,3123,V:339,AWM_SDH27.mp3
18644,3614,10,3403,V:209,AWM_gm_M10.mp3
18644,3614,19,4063,V:293,AWM_gm_M19.mp3
18644,3614,18,3733,V:324,AWM_gm_M18.mp3
18644,3614,1,5245,V:349,AWM_AMS16.mp3
18644,3614,20,3132,V:191,AWM_gm_M20.mp3
18644,3614,5,5324,V:333,AWM_gm_M03.mp3
18644,3614,8,4290,V:320,AWM_gm_M07.mp3
18644,3614,17,3243,V:249,AWM_gm_M17.mp3
18644,3614,6,3499,V:359,AWM_gm_M04.mp3
18644,3614,9,2989,V:233,AWM_gm_M08.mp3
18644,3614,30,3499,V:322,AWM_WMS16.mp3
18644,3614,7,4839,V:269,AWM_gm_M06.mp3
18644,3614,29,4573,V:346,AWM_SSN18.mp3
18644,3614,22,3058,V:258,AWM_gm_M22.mp3
18644,3614,21,3684,V:257,AWM_gm_M21.mp3
18644,3614,55,3493,V:354,AWM_MON02.mp3
18644,3614,53,4138,V:222,AWM_gm_M23.mp3
18644,3614,45,3559,V:194,AWM_gm_M15.mp3
18644,3614,46,3261,V:199,AWM_gm_M16.mp3
18644,3614,35,4304,V:339,AWM_gm_M03.mp3
18644,3614,32,3645,V:353,AWM_APW26.mp3
18644,3614,44,2982,V:349,AWM_gm_M14.mp3
18644,3614,58,2985,V:362,AWM_SDH27.mp3
18644,3614,54,2755,V:283,AWM_MLS27.mp3
18644,3614,47,2841,V:264,AWM_gm_M17.mp3
18644,3614,34,2785,V:341,AWM_gm_M01.mp3
18644,3614,38,3012,V:296,AWM_gm_M07.mp3
18644,3614,42,3183,V:244,AWM_gm_M12.mp3
18644,3614,56,4487,V:334,AWM_PMG30.mp3
18644,3614,59,3848,V:316,AWM_SSN18.mp3
18644,3614,37,3437,V:313,AWM_gm_M06.mp3
18644,3614,50,4881,V:290,AWM_gm_M20.mp3
18644,3614,40,3196,V:246,AWM_gm_M10.mp3
18644,3614,39,3736,V:320,AWM_gm_M08.mp3
18644,3614,57,4128,V:330,AWM_PPD02.mp3
18644,3614,43,4821,V:351,AWM_gm_M13.mp3
18644,3614,36,3877,V:321,AWM_gm_M04.mp3
18644,3614,48,3661,V:330,AWM_gm_M18.mp3
18644,3614,51,3988,V:334,AWM_gm_M21.mp3
18644,3614,31,3061,V:358,AWM_AMS16.mp3
18644,3614,60,2863,V:355,AWM_WMS16.mp3
18644,3614,33,3295,V:359,AWM_DLS16.mp3
18644,3614,52,3568,V:272,AWM_gm_M22.mp3
18644,3614,49,2895,V:355,AWM_gm_M19.mp3
18644,3614,41,3389,V:348,AWM_gm_M11.mp3
18644,3614,11,6353,V:74,ASM_gm_M11.mp3
18644,3614,10,6580,V:177,ASM_gm_M10.mp3
18644,3614,20,3236,V:321,ASM_gm_M20.mp3
18644,3614,15,3860,V:377,ASM_gm_M15.mp3
18644,3614,14,3361,V:328,ASM_gm_M14.mp3
18644,3614,1,3382,V:381,ASM_AMS16.mp3
18644,3614,30,3035,V:281,ASM_WMS16.mp3
18644,3614,22,4150,V:331,ASM_gm_M22.mp3
18644,3614,21,3062,V:387,ASM_gm_M21.mp3
18644,3614,27,2787,V:252,ASM_PPD02.mp3
18644,3614,4,3315,V:372,ASM_gm_M01.mp3
18644,3614,3,3273,V:433,ASM_DLS16.mp3
18644,3614,7,3172,V:337,ASM_gm_M06.mp3
18644,3614,18,3402,V:349,ASM_gm_M18.mp3
18644,3614,23,2906,V:287,ASM_gm_M23.mp3
18644,3614,29,3536,V:435,ASM_SSN18.mp3
18644,3614,17,3152,V:437,ASM_gm_M17.mp3
18644,3614,6,2475,V:408,ASM_gm_M04.mp3
18644,3614,26,2768,V:340,ASM_PMG30.mp3
18644,3614,24,6183,V:250,ASM_MLS27.mp3
18644,3614,5,4189,V:360,ASM_gm_M03.mp3
18644,3614,19,2668,V:431,ASM_gm_M19.mp3
18644,3614,8,3074,V:284,ASM_gm_M07.mp3
18644,3614,12,3243,V:331,ASM_gm_M12.mp3
18644,3614,28,3993,V:354,ASM_SDH27.mp3
18644,3614,9,3754,V:368,ASM_gm_M08.mp3
18644,3614,2,3190,V:213,ASM_APW26.mp3
18644,3614,25,5416,V:393,ASM_MON02.mp3
18644,3614,16,3828,V:341,ASM_gm_M16.mp3
18644,3614,13,3994,V:431,ASM_gm_M13.mp3
18644,3614,44,5005,V:328,ASM_gm_M14.mp3
18644,3614,36,3569,V:396,ASM_gm_M04.mp3
18644,3614,46,2785,V:352,ASM_gm_M16.mp3
18644,3614,34,4227,V:352,ASM_gm_M01.mp3
18644,3614,31,6806,V:278,ASM_AMS16.mp3
18644,3614,59,2946,V:435,ASM_SSN18.mp3
18644,3614,50,2881,V:420,ASM_gm_M20.mp3
18644,3614,49,2701,V:429,ASM_gm_M19.mp3
18644,3614,55,4122,V:351,ASM_MON02.mp3
18644,3614,47,3072,V:426,ASM_gm_M17.mp3
18644,3614,32,3022,V:236,ASM_APW26.mp3
18644,3614,40,3083,V:377,ASM_gm_M10.mp3
18644,3614,54,4707,V:261,ASM_MLS27.mp3
18644,3614,53,3057,V:235,ASM_gm_M23.mp3
18644,3614,57,3675,V:283,ASM_PPD02.mp3
18644,3614,52,2346,V:305,ASM_gm_M22.mp3
18644,3614,56,3036,V:334,ASM_PMG30.mp3
18644,3614,38,4726,V:242,ASM_gm_M07.mp3
18644,3614,33,2733,V:366,ASM_DLS16.mp3
18644,3614,35,4301,V:353,ASM_gm_M03.mp3
18644,3614,48,3208,V:365,ASM_gm_M18.mp3
18644,3614,60,3653,V:407,ASM_WMS16.mp3
18644,3614,39,3223,V:302,ASM_gm_M08.mp3
18644,3614,43,2702,V:435,ASM_gm_M13.mp3
18644,3614,42,3153,V:395,ASM_gm_M12.mp3
18644,3614,58,3238,V:329,ASM_SDH27.mp3
18644,3614,37,3771,V:429,ASM_gm_M06.mp3
18644,3614,41,4182,V:399,ASM_gm_M11.mp3
18644,3614,45,2917,V:456,ASM_gm_M15.mp3
18644,3614,51,3177,V:434,ASM_gm_M21.mp3
